{
	"song": {
		"player1": "kys",
		"player2": "lua",
		"events": [
			[
				0,
				[
					[
						"Reverse Notes",
						"",
						""
					]
				]
			],
			[
				107.142857142857,
				[
					[
						"SkyDeath",
						"",
						""
					]
				]
			],
			[
				89142.8571428571,
				[
					[
						"BOWprintletter",
						"why",
						""
					]
				]
			],
			[
				89357.1428571429,
				[
					[
						"BOWprintletter",
						" are",
						""
					]
				]
			],
			[
				89464.2857142857,
				[
					[
						"BOWprintletter",
						" you just",
						""
					]
				]
			],
			[
				89571.4285714286,
				[
					[
						"BOWprintletter",
						" typing",
						""
					]
				]
			],
			[
				89625,
				[
					[
						"BOWprintletter",
						" the same thing",
						""
					]
				]
			],
			[
				89785.7142857143,
				[
					[
						"BOWprintletter",
						" over and over again",
						""
					]
				]
			],
			[
				89892.8571428571,
				[
					[
						"BOWprintletter",
						"?",
						""
					]
				]
			],
			[
				103714.285714286,
				[
					[
						"BOWprintletter",
						"195.",
						""
					]
				]
			],
			[
				103821.428571429,
				[
					[
						"BOWprintletter",
						"253.",
						""
					]
				]
			],
			[
				103928.571428571,
				[
					[
						"BOWprintletter",
						"453",
						""
					]
				]
			],
			[
				104035.714285714,
				[
					[
						"BOWprintletter",
						" leaked your ip!!!",
						""
					]
				]
			],
			[
				104142.857142857,
				[
					[
						"Play Animation",
						"BF",
						"bash1"
					]
				]
			]
		],
		"notes": [
			{
				"lengthInSteps": 16,
				"typeOfSection": 0,
				"sectionNotes": [],
				"altAnim": false,
				"gfSection": false,
				"bpm": 150,
				"changeBPM": false,
				"mustHitSection": false
			},
			{
				"lengthInSteps": 16,
				"typeOfSection": 0,
				"sectionNotes": [],
				"altAnim": false,
				"gfSection": false,
				"bpm": 150,
				"changeBPM": false,
				"mustHitSection": false
			},
			{
				"lengthInSteps": 16,
				"typeOfSection": 0,
				"sectionNotes": [],
				"altAnim": false,
				"gfSection": false,
				"bpm": 140,
				"changeBPM": false,
				"mustHitSection": true
			},
			{
				"lengthInSteps": 16,
				"typeOfSection": 0,
				"sectionNotes": [
					[
						6428.57142857143,
						1,
						321.428571428571
					]
				],
				"altAnim": false,
				"gfSection": false,
				"bpm": 140,
				"changeBPM": false,
				"mustHitSection": true
			},
			{
				"lengthInSteps": 16,
				"typeOfSection": 0,
				"sectionNotes": [
					[
						6857.14285714286,
						3,
						0
					],
					[
						6964.28571428571,
						2,
						0
					],
					[
						7071.42857142857,
						0,
						0
					],
					[
						7178.57142857143,
						1,
						0
					],
					[
						7285.71428571429,
						3,
						321.428571428571
					],
					[
						7714.28571428571,
						2,
						0
					],
					[
						7821.42857142857,
						0,
						0
					],
					[
						7928.57142857143,
						1,
						0
					],
					[
						8035.71428571429,
						3,
						0
					],
					[
						8142.85714285714,
						0,
						321.428571428571
					]
				],
				"altAnim": false,
				"gfSection": false,
				"bpm": 140,
				"changeBPM": false,
				"mustHitSection": true
			},
			{
				"lengthInSteps": 16,
				"typeOfSection": 0,
				"sectionNotes": [
					[
						8571.42857142857,
						3,
						0
					],
					[
						8678.57142857143,
						2,
						0
					],
					[
						8785.71428571428,
						0,
						0
					],
					[
						8892.85714285714,
						1,
						0
					],
					[
						9000,
						3,
						107.142857142857
					],
					[
						9214.28571428571,
						1,
						107.142857142857
					],
					[
						9428.57142857143,
						2,
						0
					],
					[
						9482.14285714286,
						3,
						0
					],
					[
						9535.71428571428,
						0,
						0
					],
					[
						9589.28571428571,
						1,
						0
					],
					[
						9642.85714285714,
						3,
						0
					],
					[
						9750,
						2,
						0
					],
					[
						9857.14285714286,
						0,
						107.142857142857
					],
					[
						10071.4285714286,
						1,
						0
					],
					[
						10178.5714285714,
						3,
						0
					]
				],
				"altAnim": false,
				"gfSection": false,
				"bpm": 140,
				"changeBPM": false,
				"mustHitSection": true
			},
			{
				"lengthInSteps": 16,
				"typeOfSection": 0,
				"sectionNotes": [
					[
						10285.7142857143,
						3,
						0
					],
					[
						10392.8571428571,
						2,
						0
					],
					[
						10500,
						0,
						0
					],
					[
						10607.1428571429,
						1,
						0
					],
					[
						10714.2857142857,
						3,
						321.428571428571
					],
					[
						11142.8571428571,
						2,
						0
					],
					[
						11250,
						0,
						0
					],
					[
						11357.1428571429,
						1,
						0
					],
					[
						11464.2857142857,
						3,
						0
					],
					[
						11571.4285714286,
						0,
						321.428571428571
					]
				],
				"altAnim": false,
				"gfSection": false,
				"bpm": 140,
				"changeBPM": false,
				"mustHitSection": false
			},
			{
				"lengthInSteps": 16,
				"typeOfSection": 0,
				"sectionNotes": [
					[
						12000,
						3,
						0
					],
					[
						12107.1428571429,
						2,
						0
					],
					[
						12214.2857142857,
						0,
						0
					],
					[
						12321.4285714286,
						1,
						0
					],
					[
						12428.5714285714,
						3,
						107.142857142857
					],
					[
						12642.8571428571,
						1,
						107.142857142857
					],
					[
						12857.1428571429,
						2,
						0
					],
					[
						12910.7142857143,
						3,
						0
					],
					[
						12964.2857142857,
						0,
						0
					],
					[
						13017.8571428571,
						1,
						0
					],
					[
						13071.4285714286,
						3,
						0
					],
					[
						13178.5714285714,
						2,
						0
					],
					[
						13285.7142857143,
						0,
						107.142857142857
					],
					[
						13500,
						1,
						0
					],
					[
						13607.1428571429,
						3,
						0
					]
				],
				"altAnim": false,
				"gfSection": false,
				"bpm": 140,
				"changeBPM": false,
				"mustHitSection": false
			},
			{
				"lengthInSteps": 16,
				"typeOfSection": 0,
				"sectionNotes": [
					[
						13714.2857142857,
						3,
						0
					],
					[
						13821.4285714286,
						2,
						0
					],
					[
						13928.5714285714,
						0,
						0
					],
					[
						14035.7142857143,
						1,
						0
					],
					[
						14142.8571428571,
						3,
						321.428571428571
					],
					[
						14571.4285714286,
						2,
						0
					],
					[
						14678.5714285714,
						0,
						0
					],
					[
						14785.7142857143,
						1,
						0
					],
					[
						14892.8571428571,
						3,
						0
					],
					[
						15000,
						0,
						321.428571428571
					]
				],
				"altAnim": false,
				"gfSection": false,
				"bpm": 140,
				"changeBPM": false,
				"mustHitSection": true
			},
			{
				"lengthInSteps": 16,
				"typeOfSection": 0,
				"sectionNotes": [
					[
						15428.5714285714,
						3,
						0
					],
					[
						15535.7142857143,
						2,
						0
					],
					[
						15642.8571428571,
						0,
						0
					],
					[
						15750,
						1,
						0
					],
					[
						15857.1428571429,
						3,
						107.142857142857
					],
					[
						16071.4285714286,
						1,
						107.142857142857
					],
					[
						16285.7142857143,
						2,
						0
					],
					[
						16339.2857142857,
						3,
						0
					],
					[
						16392.8571428571,
						0,
						0
					],
					[
						16446.4285714286,
						1,
						0
					],
					[
						16500,
						3,
						0
					],
					[
						16607.1428571429,
						2,
						0
					],
					[
						16714.2857142857,
						0,
						107.142857142857
					],
					[
						16928.5714285714,
						1,
						0
					],
					[
						17035.7142857143,
						3,
						0
					]
				],
				"altAnim": false,
				"gfSection": false,
				"bpm": 140,
				"changeBPM": false,
				"mustHitSection": true
			},
			{
				"lengthInSteps": 16,
				"typeOfSection": 0,
				"sectionNotes": [
					[
						17142.8571428571,
						3,
						0
					],
					[
						17250,
						2,
						0
					],
					[
						17357.1428571429,
						0,
						0
					],
					[
						17464.2857142857,
						1,
						0
					],
					[
						17571.4285714286,
						3,
						321.428571428571
					],
					[
						18000,
						2,
						0
					],
					[
						18107.1428571429,
						0,
						0
					],
					[
						18214.2857142857,
						1,
						0
					],
					[
						18321.4285714286,
						3,
						0
					],
					[
						18428.5714285714,
						0,
						321.428571428571
					]
				],
				"altAnim": false,
				"gfSection": false,
				"bpm": 140,
				"changeBPM": false,
				"mustHitSection": false
			},
			{
				"lengthInSteps": 16,
				"typeOfSection": 0,
				"sectionNotes": [
					[
						18857.1428571429,
						3,
						0
					],
					[
						18964.2857142857,
						2,
						0
					],
					[
						19071.4285714286,
						0,
						0
					],
					[
						19178.5714285714,
						1,
						0
					],
					[
						19285.7142857143,
						3,
						107.142857142857
					],
					[
						19500,
						1,
						107.142857142857
					]
				],
				"altAnim": false,
				"gfSection": false,
				"bpm": 140,
				"changeBPM": false,
				"mustHitSection": false
			},
			{
				"lengthInSteps": 16,
				"typeOfSection": 0,
				"sectionNotes": [
					[
						20571.4285714286,
						0,
						0
					],
					[
						20678.5714285714,
						3,
						0
					],
					[
						20785.7142857143,
						2,
						0
					],
					[
						20892.8571428571,
						1,
						0
					],
					[
						21000,
						0,
						0
					],
					[
						21107.1428571429,
						2,
						0
					],
					[
						21214.2857142857,
						1,
						0
					],
					[
						21321.4285714286,
						3,
						0
					],
					[
						21428.5714285714,
						0,
						0
					],
					[
						21535.7142857143,
						1,
						0
					],
					[
						21642.8571428571,
						3,
						0
					],
					[
						21750,
						2,
						0
					],
					[
						21857.1428571429,
						1,
						0
					],
					[
						22232.1428571429,
						3,
						0
					],
					[
						22017.8571428571,
						0,
						0
					],
					[
						22071.4285714286,
						2,
						0
					]
				],
				"altAnim": false,
				"gfSection": false,
				"bpm": 140,
				"changeBPM": false,
				"mustHitSection": false
			},
			{
				"lengthInSteps": 16,
				"typeOfSection": 0,
				"sectionNotes": [
					[
						22285.7142857143,
						1,
						0
					],
					[
						22392.8571428571,
						0,
						0
					],
					[
						22500,
						2,
						0
					],
					[
						22607.1428571429,
						1,
						0
					],
					[
						22714.2857142857,
						3,
						0
					],
					[
						22821.4285714286,
						1,
						0
					],
					[
						22928.5714285714,
						0,
						0
					],
					[
						23035.7142857143,
						2,
						0
					],
					[
						23142.8571428571,
						3,
						0
					],
					[
						23250,
						1,
						0
					],
					[
						23357.1428571429,
						0,
						0
					],
					[
						23464.2857142857,
						2,
						0
					],
					[
						23571.4285714286,
						1,
						0
					],
					[
						23678.5714285714,
						3,
						0
					],
					[
						23785.7142857143,
						2,
						0
					],
					[
						23892.8571428571,
						0,
						0
					]
				],
				"altAnim": false,
				"gfSection": false,
				"bpm": 140,
				"changeBPM": false,
				"mustHitSection": false
			},
			{
				"lengthInSteps": 16,
				"typeOfSection": 0,
				"sectionNotes": [
					[
						24000,
						1,
						107.142857142857
					],
					[
						24214.2857142857,
						3,
						0
					],
					[
						24321.4285714286,
						2,
						107.142857142857
					],
					[
						24535.7142857143,
						0,
						0
					],
					[
						24642.8571428571,
						3,
						107.142857142857
					],
					[
						24857.1428571429,
						1,
						107.142857142857
					],
					[
						25071.4285714286,
						0,
						0
					],
					[
						25178.5714285714,
						2,
						107.142857142857
					],
					[
						25392.8571428571,
						3,
						214.285714285714
					]
				],
				"altAnim": false,
				"gfSection": false,
				"bpm": 140,
				"changeBPM": false,
				"mustHitSection": false
			},
			{
				"lengthInSteps": 16,
				"typeOfSection": 0,
				"sectionNotes": [
					[
						25714.2857142857,
						3,
						107.142857142857
					],
					[
						25928.5714285714,
						0,
						0
					],
					[
						26035.7142857143,
						2,
						214.285714285714
					],
					[
						26357.1428571429,
						1,
						107.142857142857
					],
					[
						26571.4285714286,
						3,
						107.142857142857
					],
					[
						26785.7142857143,
						0,
						107.142857142857
					],
					[
						27000,
						1,
						107.142857142857
					],
					[
						27214.2857142857,
						3,
						107.142857142857
					]
				],
				"altAnim": false,
				"gfSection": false,
				"bpm": 140,
				"changeBPM": false,
				"mustHitSection": false
			},
			{
				"lengthInSteps": 16,
				"typeOfSection": 0,
				"sectionNotes": [
					[
						27428.5714285714,
						0,
						0
					],
					[
						27535.7142857143,
						3,
						0
					],
					[
						27642.8571428571,
						2,
						0
					],
					[
						27750,
						1,
						0
					],
					[
						27857.1428571429,
						0,
						0
					],
					[
						27964.2857142857,
						2,
						0
					],
					[
						28071.4285714286,
						1,
						0
					],
					[
						28178.5714285714,
						3,
						0
					],
					[
						28285.7142857143,
						0,
						0
					],
					[
						28392.8571428571,
						1,
						0
					],
					[
						28500,
						3,
						0
					],
					[
						28607.1428571429,
						2,
						0
					],
					[
						28714.2857142857,
						1,
						0
					],
					[
						29089.2857142857,
						3,
						0
					],
					[
						28875,
						0,
						0
					],
					[
						28928.5714285714,
						2,
						0
					]
				],
				"altAnim": false,
				"gfSection": false,
				"bpm": 140,
				"changeBPM": false,
				"mustHitSection": true
			},
			{
				"lengthInSteps": 16,
				"typeOfSection": 0,
				"sectionNotes": [
					[
						29142.8571428571,
						1,
						0
					],
					[
						29250,
						0,
						0
					],
					[
						29357.1428571429,
						2,
						0
					],
					[
						29464.2857142857,
						1,
						0
					],
					[
						29571.4285714286,
						3,
						0
					],
					[
						29678.5714285714,
						1,
						0
					],
					[
						29785.7142857143,
						0,
						0
					],
					[
						29892.8571428571,
						2,
						0
					],
					[
						30000,
						3,
						0
					],
					[
						30107.1428571429,
						1,
						0
					],
					[
						30214.2857142857,
						0,
						0
					],
					[
						30321.4285714286,
						2,
						0
					],
					[
						30428.5714285714,
						1,
						0
					],
					[
						30535.7142857143,
						3,
						0
					],
					[
						30642.8571428571,
						2,
						0
					],
					[
						30750,
						0,
						0
					]
				],
				"altAnim": false,
				"gfSection": false,
				"bpm": 140,
				"changeBPM": false,
				"mustHitSection": true
			},
			{
				"lengthInSteps": 16,
				"typeOfSection": 0,
				"sectionNotes": [
					[
						30857.1428571429,
						1,
						107.142857142857
					],
					[
						31071.4285714286,
						3,
						0
					],
					[
						31178.5714285714,
						2,
						107.142857142857
					],
					[
						31392.8571428571,
						0,
						0
					],
					[
						31500,
						3,
						107.142857142857
					],
					[
						31714.2857142857,
						1,
						107.142857142857
					],
					[
						31928.5714285714,
						0,
						0
					],
					[
						32035.7142857143,
						2,
						107.142857142857
					],
					[
						32250,
						3,
						214.285714285714
					]
				],
				"altAnim": false,
				"gfSection": false,
				"bpm": 140,
				"changeBPM": false,
				"mustHitSection": true
			},
			{
				"lengthInSteps": 16,
				"typeOfSection": 0,
				"sectionNotes": [
					[
						32571.4285714286,
						3,
						107.142857142857
					],
					[
						32785.7142857143,
						0,
						0
					],
					[
						32892.8571428571,
						2,
						214.285714285714
					],
					[
						33214.2857142857,
						1,
						107.142857142857
					],
					[
						33428.5714285714,
						3,
						107.142857142857
					],
					[
						33642.8571428571,
						0,
						107.142857142857
					],
					[
						33857.1428571429,
						1,
						107.142857142857
					],
					[
						34071.4285714286,
						3,
						107.142857142857
					]
				],
				"altAnim": false,
				"gfSection": false,
				"bpm": 140,
				"changeBPM": false,
				"mustHitSection": true
			},
			{
				"lengthInSteps": 16,
				"typeOfSection": 0,
				"sectionNotes": [
					[
						35357.1428571429,
						0,
						107.142857142857
					],
					[
						35571.4285714286,
						1,
						107.142857142857
					],
					[
						35785.7142857143,
						3,
						107.142857142857
					]
				],
				"altAnim": false,
				"gfSection": false,
				"bpm": 140,
				"changeBPM": false,
				"mustHitSection": false
			},
			{
				"lengthInSteps": 16,
				"typeOfSection": 0,
				"sectionNotes": [
					[
						36214.2857142857,
						1,
						0
					],
					[
						36428.5714285714,
						0,
						0
					],
					[
						36535.7142857143,
						2,
						0
					],
					[
						37285.7142857143,
						1,
						321.428571428571
					],
					[
						36000,
						2,
						0
					],
					[
						36857.1428571429,
						2,
						0
					],
					[
						37071.4285714286,
						3,
						0
					],
					[
						36642.8571428571,
						1,
						0
					]
				],
				"altAnim": false,
				"gfSection": false,
				"bpm": 140,
				"changeBPM": false,
				"mustHitSection": false
			},
			{
				"lengthInSteps": 16,
				"typeOfSection": 0,
				"sectionNotes": [
					[
						37714.2857142857,
						0,
						0
					],
					[
						37821.4285714286,
						2,
						0
					],
					[
						37928.5714285714,
						1,
						0
					],
					[
						38035.7142857143,
						3,
						0
					],
					[
						38142.8571428571,
						2,
						0
					],
					[
						38357.1428571429,
						0,
						0
					],
					[
						38571.4285714286,
						1,
						0
					],
					[
						38785.7142857143,
						3,
						0
					],
					[
						39000,
						2,
						0
					],
					[
						39214.2857142857,
						1,
						0
					]
				],
				"altAnim": false,
				"gfSection": false,
				"bpm": 140,
				"changeBPM": false,
				"mustHitSection": false
			},
			{
				"lengthInSteps": 16,
				"typeOfSection": 0,
				"sectionNotes": [
					[
						39428.5714285714,
						0,
						0
					],
					[
						39642.8571428572,
						3,
						0
					],
					[
						39857.1428571429,
						2,
						0
					],
					[
						40071.4285714286,
						0,
						0
					],
					[
						40285.7142857143,
						2,
						0
					],
					[
						40500,
						1,
						0
					],
					[
						40714.2857142857,
						3,
						0
					],
					[
						40928.5714285714,
						2,
						0
					]
				],
				"altAnim": false,
				"gfSection": false,
				"bpm": 140,
				"changeBPM": false,
				"mustHitSection": false
			},
			{
				"lengthInSteps": 16,
				"typeOfSection": 0,
				"sectionNotes": [
					[
						42214.2857142857,
						0,
						107.142857142857
					],
					[
						42428.5714285714,
						1,
						107.142857142857
					],
					[
						42642.8571428571,
						3,
						107.142857142857
					]
				],
				"altAnim": false,
				"gfSection": false,
				"bpm": 140,
				"changeBPM": false,
				"mustHitSection": true
			},
			{
				"lengthInSteps": 16,
				"typeOfSection": 0,
				"sectionNotes": [
					[
						43071.4285714286,
						1,
						0
					],
					[
						43285.7142857143,
						0,
						0
					],
					[
						43392.8571428571,
						2,
						0
					],
					[
						44142.8571428571,
						1,
						321.428571428571
					],
					[
						42857.1428571429,
						2,
						0
					],
					[
						43714.2857142857,
						2,
						0
					],
					[
						43928.5714285714,
						3,
						0
					],
					[
						43500,
						1,
						0
					]
				],
				"altAnim": false,
				"gfSection": false,
				"bpm": 140,
				"changeBPM": false,
				"mustHitSection": true
			},
			{
				"lengthInSteps": 16,
				"typeOfSection": 0,
				"sectionNotes": [
					[
						44571.4285714286,
						0,
						0
					],
					[
						44678.5714285714,
						2,
						0
					],
					[
						44785.7142857143,
						1,
						0
					],
					[
						44892.8571428571,
						3,
						0
					],
					[
						45000,
						2,
						0
					],
					[
						45214.2857142857,
						0,
						0
					],
					[
						45428.5714285714,
						1,
						0
					],
					[
						45642.8571428571,
						3,
						0
					],
					[
						45857.1428571429,
						2,
						0
					],
					[
						46071.4285714286,
						1,
						0
					]
				],
				"altAnim": false,
				"gfSection": false,
				"bpm": 140,
				"changeBPM": false,
				"mustHitSection": true
			},
			{
				"lengthInSteps": 16,
				"typeOfSection": 0,
				"sectionNotes": [
					[
						46285.7142857143,
						0,
						0
					],
					[
						46500,
						3,
						0
					],
					[
						46714.2857142857,
						2,
						0
					],
					[
						46928.5714285714,
						0,
						0
					],
					[
						47142.8571428571,
						2,
						0
					],
					[
						47357.1428571429,
						1,
						0
					],
					[
						47571.4285714286,
						3,
						0
					],
					[
						47785.7142857143,
						2,
						0
					]
				],
				"altAnim": false,
				"gfSection": false,
				"bpm": 140,
				"changeBPM": false,
				"mustHitSection": true
			},
			{
				"lengthInSteps": 16,
				"typeOfSection": 0,
				"sectionNotes": [
					[
						48000,
						0,
						0
					],
					[
						48857.1428571429,
						1,
						0
					],
					[
						49285.7142857143,
						3,
						0
					],
					[
						48000,
						5,
						0
					],
					[
						48107.1428571429,
						4,
						0
					],
					[
						48214.2857142857,
						6,
						0
					],
					[
						48321.4285714286,
						7,
						0
					],
					[
						48428.5714285714,
						5,
						0
					],
					[
						48535.7142857143,
						4,
						214.285714285714
					],
					[
						48857.1428571429,
						5,
						0
					],
					[
						48964.2857142857,
						7,
						0
					],
					[
						49071.4285714286,
						4,
						0
					],
					[
						49178.5714285714,
						6,
						0
					],
					[
						49285.7142857143,
						7,
						0
					],
					[
						49392.8571428572,
						5,
						214.285714285714
					]
				],
				"altAnim": false,
				"gfSection": false,
				"bpm": 140,
				"changeBPM": false,
				"mustHitSection": true
			},
			{
				"lengthInSteps": 16,
				"typeOfSection": 0,
				"sectionNotes": [
					[
						49714.2857142857,
						2,
						0
					],
					[
						50571.4285714286,
						0,
						0
					],
					[
						50785.7142857143,
						0,
						0
					],
					[
						51000,
						1,
						321.428571428571
					],
					[
						49714.2857142857,
						7,
						0
					],
					[
						49821.4285714286,
						6,
						0
					],
					[
						49928.5714285715,
						4,
						0
					],
					[
						50035.7142857143,
						5,
						0
					],
					[
						50142.8571428572,
						7,
						321.428571428571
					],
					[
						50571.4285714286,
						6,
						0
					],
					[
						50678.5714285715,
						4,
						0
					],
					[
						50785.7142857143,
						5,
						0
					],
					[
						50892.8571428572,
						7,
						0
					],
					[
						51000,
						6,
						321.428571428571
					]
				],
				"altAnim": false,
				"gfSection": false,
				"bpm": 140,
				"changeBPM": false,
				"mustHitSection": true
			},
			{
				"lengthInSteps": 16,
				"typeOfSection": 0,
				"sectionNotes": [
					[
						51428.5714285715,
						2,
						0
					],
					[
						51642.8571428572,
						3,
						0
					],
					[
						51857.1428571429,
						0,
						0
					],
					[
						52071.4285714286,
						1,
						0
					],
					[
						52285.7142857143,
						3,
						0
					],
					[
						52500,
						1,
						0
					],
					[
						52714.2857142857,
						0,
						321.428571428571
					],
					[
						51428.5714285715,
						4,
						0
					],
					[
						51535.7142857143,
						6,
						0
					],
					[
						51642.8571428572,
						4,
						0
					],
					[
						51750,
						6,
						0
					],
					[
						51857.1428571429,
						5,
						0
					],
					[
						51964.2857142857,
						7,
						0
					],
					[
						52071.4285714286,
						5,
						0
					],
					[
						52178.5714285715,
						7,
						0
					],
					[
						52285.7142857143,
						4,
						0
					],
					[
						52339.2857142857,
						5,
						0
					],
					[
						52392.8571428572,
						7,
						0
					],
					[
						52446.4285714286,
						4,
						0
					],
					[
						52500,
						6,
						0
					],
					[
						52553.5714285715,
						7,
						0
					],
					[
						52607.1428571429,
						4,
						0
					],
					[
						52660.7142857143,
						5,
						0
					],
					[
						52714.2857142857,
						7,
						0
					],
					[
						52767.8571428572,
						4,
						0
					],
					[
						52821.4285714286,
						6,
						0
					],
					[
						52875,
						7,
						0
					],
					[
						52928.5714285715,
						4,
						0
					],
					[
						52982.1428571429,
						5,
						0
					],
					[
						53035.7142857143,
						7,
						0
					],
					[
						53089.2857142857,
						4,
						0
					]
				],
				"altAnim": false,
				"gfSection": false,
				"bpm": 140,
				"changeBPM": false,
				"mustHitSection": true
			},
			{
				"lengthInSteps": 16,
				"typeOfSection": 0,
				"sectionNotes": [
					[
						53142.8571428572,
						1,
						0
					],
					[
						53357.1428571429,
						3,
						0
					],
					[
						53571.4285714286,
						0,
						0
					],
					[
						54000,
						3,
						0
					],
					[
						53785.7142857143,
						2,
						0
					],
					[
						54214.2857142857,
						1,
						0
					],
					[
						54428.5714285715,
						2,
						321.428571428571
					],
					[
						53250,
						4,
						0
					],
					[
						53357.1428571429,
						6,
						0
					],
					[
						53464.2857142857,
						5,
						0
					],
					[
						53571.4285714286,
						7,
						0
					],
					[
						53678.5714285715,
						6,
						0
					],
					[
						53785.7142857143,
						5,
						107.142857142857
					],
					[
						54214.2857142857,
						7,
						107.142857142857
					],
					[
						54000,
						4,
						107.142857142857
					],
					[
						54428.5714285715,
						5,
						0
					],
					[
						54535.7142857143,
						6,
						107.142857142857
					],
					[
						54750,
						7,
						0
					],
					[
						53142.8571428572,
						6,
						0
					]
				],
				"altAnim": false,
				"gfSection": false,
				"bpm": 140,
				"changeBPM": false,
				"mustHitSection": true
			},
			{
				"lengthInSteps": 16,
				"typeOfSection": 0,
				"sectionNotes": [
					[
						54857.1428571429,
						0,
						0
					],
					[
						55714.2857142857,
						1,
						0
					],
					[
						56142.8571428572,
						3,
						0
					],
					[
						54857.1428571429,
						5,
						0
					],
					[
						54964.2857142857,
						4,
						0
					],
					[
						55071.4285714286,
						6,
						0
					],
					[
						55178.5714285714,
						7,
						0
					],
					[
						55285.7142857143,
						5,
						0
					],
					[
						55392.8571428572,
						4,
						214.285714285714
					],
					[
						55714.2857142857,
						5,
						0
					],
					[
						55821.4285714286,
						7,
						0
					],
					[
						55928.5714285714,
						4,
						0
					],
					[
						56035.7142857143,
						6,
						0
					],
					[
						56142.8571428572,
						7,
						0
					],
					[
						56250,
						5,
						214.285714285714
					]
				],
				"altAnim": false,
				"gfSection": false,
				"bpm": 140,
				"changeBPM": false,
				"mustHitSection": false
			},
			{
				"lengthInSteps": 16,
				"typeOfSection": 0,
				"sectionNotes": [
					[
						56571.4285714286,
						2,
						0
					],
					[
						57428.5714285714,
						0,
						0
					],
					[
						57642.8571428572,
						0,
						0
					],
					[
						57857.1428571429,
						1,
						321.428571428571
					],
					[
						56571.4285714286,
						7,
						0
					],
					[
						56678.5714285714,
						6,
						0
					],
					[
						56785.7142857143,
						4,
						0
					],
					[
						56892.8571428572,
						5,
						0
					],
					[
						57000,
						7,
						321.428571428571
					],
					[
						57428.5714285714,
						6,
						0
					],
					[
						57535.7142857143,
						4,
						0
					],
					[
						57642.8571428572,
						5,
						0
					],
					[
						57750,
						7,
						0
					],
					[
						57857.1428571429,
						6,
						321.428571428571
					]
				],
				"altAnim": false,
				"gfSection": false,
				"bpm": 140,
				"changeBPM": false,
				"mustHitSection": false
			},
			{
				"lengthInSteps": 16,
				"typeOfSection": 0,
				"sectionNotes": [
					[
						58285.7142857143,
						2,
						0
					],
					[
						58500,
						3,
						0
					],
					[
						58714.2857142857,
						0,
						0
					],
					[
						58928.5714285715,
						1,
						0
					],
					[
						59142.8571428572,
						3,
						0
					],
					[
						59357.1428571429,
						1,
						0
					],
					[
						59571.4285714286,
						0,
						321.428571428571
					],
					[
						58285.7142857143,
						4,
						0
					],
					[
						58392.8571428572,
						6,
						0
					],
					[
						58500,
						4,
						0
					],
					[
						58607.1428571429,
						6,
						0
					],
					[
						58714.2857142857,
						5,
						0
					],
					[
						58821.4285714286,
						7,
						0
					],
					[
						58928.5714285715,
						5,
						0
					],
					[
						59035.7142857143,
						7,
						0
					],
					[
						59142.8571428572,
						4,
						0
					],
					[
						59196.4285714286,
						5,
						0
					],
					[
						59250,
						7,
						0
					],
					[
						59303.5714285715,
						4,
						0
					],
					[
						59357.1428571429,
						6,
						0
					],
					[
						59410.7142857143,
						7,
						0
					],
					[
						59464.2857142857,
						4,
						0
					],
					[
						59517.8571428572,
						5,
						0
					],
					[
						59571.4285714286,
						7,
						0
					],
					[
						59625,
						4,
						0
					],
					[
						59678.5714285715,
						6,
						0
					],
					[
						59732.1428571429,
						7,
						0
					],
					[
						59785.7142857143,
						4,
						0
					],
					[
						59839.2857142857,
						5,
						0
					],
					[
						59892.8571428572,
						7,
						0
					],
					[
						59946.4285714286,
						4,
						0
					]
				],
				"altAnim": false,
				"gfSection": false,
				"bpm": 140,
				"changeBPM": false,
				"mustHitSection": false
			},
			{
				"lengthInSteps": 16,
				"typeOfSection": 0,
				"sectionNotes": [
					[
						60000,
						1,
						0
					],
					[
						60214.2857142857,
						3,
						0
					],
					[
						60428.5714285715,
						0,
						0
					],
					[
						60857.1428571429,
						3,
						0
					],
					[
						60642.8571428572,
						2,
						0
					],
					[
						61071.4285714286,
						1,
						0
					],
					[
						61285.7142857143,
						2,
						321.428571428571
					],
					[
						60107.1428571429,
						4,
						0
					],
					[
						60214.2857142857,
						6,
						0
					],
					[
						60321.4285714286,
						5,
						0
					],
					[
						60428.5714285715,
						7,
						0
					],
					[
						60535.7142857143,
						6,
						0
					],
					[
						60642.8571428572,
						5,
						107.142857142857
					],
					[
						61071.4285714286,
						7,
						107.142857142857
					],
					[
						60857.1428571429,
						4,
						107.142857142857
					],
					[
						61285.7142857143,
						5,
						0
					],
					[
						61392.8571428572,
						6,
						107.142857142857
					],
					[
						61607.1428571429,
						7,
						0
					],
					[
						60000,
						6,
						0
					]
				],
				"altAnim": false,
				"gfSection": false,
				"bpm": 140,
				"changeBPM": false,
				"mustHitSection": false
			},
			{
				"lengthInSteps": 16,
				"typeOfSection": 0,
				"sectionNotes": [
					[
						61714.2857142858,
						0,
						750
					],
					[
						62571.4285714286,
						1,
						750
					]
				],
				"altAnim": false,
				"gfSection": false,
				"bpm": 140,
				"changeBPM": false,
				"mustHitSection": false
			},
			{
				"lengthInSteps": 16,
				"typeOfSection": 0,
				"sectionNotes": [
					[
						63428.5714285715,
						2,
						750
					],
					[
						64285.7142857143,
						3,
						750
					]
				],
				"altAnim": false,
				"gfSection": false,
				"bpm": 140,
				"changeBPM": false,
				"mustHitSection": false
			},
			{
				"lengthInSteps": 16,
				"typeOfSection": 0,
				"sectionNotes": [
					[
						65142.8571428572,
						0,
						750
					],
					[
						66000.0000000001,
						2,
						750
					]
				],
				"altAnim": false,
				"gfSection": false,
				"bpm": 140,
				"changeBPM": false,
				"mustHitSection": false
			},
			{
				"lengthInSteps": 16,
				"typeOfSection": 0,
				"sectionNotes": [
					[
						66857.1428571429,
						3,
						750
					],
					[
						67714.2857142858,
						1,
						750
					]
				],
				"altAnim": false,
				"gfSection": false,
				"bpm": 140,
				"changeBPM": false,
				"mustHitSection": false
			},
			{
				"lengthInSteps": 16,
				"typeOfSection": 0,
				"sectionNotes": [
					[
						68571.4285714286,
						0,
						750
					],
					[
						69428.5714285715,
						1,
						750
					]
				],
				"altAnim": false,
				"gfSection": false,
				"bpm": 140,
				"changeBPM": false,
				"mustHitSection": true
			},
			{
				"lengthInSteps": 16,
				"typeOfSection": 0,
				"sectionNotes": [
					[
						70285.7142857143,
						2,
						750
					],
					[
						71142.8571428572,
						3,
						750
					]
				],
				"altAnim": false,
				"gfSection": false,
				"bpm": 140,
				"changeBPM": false,
				"mustHitSection": true
			},
			{
				"lengthInSteps": 16,
				"typeOfSection": 0,
				"sectionNotes": [
					[
						72000.0000000001,
						0,
						750
					],
					[
						72857.1428571429,
						2,
						750
					]
				],
				"altAnim": false,
				"gfSection": false,
				"bpm": 140,
				"changeBPM": false,
				"mustHitSection": true
			},
			{
				"lengthInSteps": 16,
				"typeOfSection": 0,
				"sectionNotes": [
					[
						73714.2857142858,
						3,
						750
					],
					[
						74571.4285714286,
						1,
						750
					]
				],
				"altAnim": false,
				"gfSection": false,
				"bpm": 140,
				"changeBPM": false,
				"mustHitSection": true
			},
			{
				"lengthInSteps": 16,
				"typeOfSection": 0,
				"sectionNotes": [
					[
						75428.5714285715,
						0,
						750
					],
					[
						76285.7142857143,
						1,
						750
					]
				],
				"altAnim": false,
				"gfSection": false,
				"bpm": 140,
				"changeBPM": false,
				"mustHitSection": false
			},
			{
				"lengthInSteps": 16,
				"typeOfSection": 0,
				"sectionNotes": [
					[
						77142.8571428572,
						2,
						750
					],
					[
						78000,
						3,
						750
					]
				],
				"altAnim": false,
				"gfSection": false,
				"bpm": 140,
				"changeBPM": false,
				"mustHitSection": false
			},
			{
				"lengthInSteps": 16,
				"typeOfSection": 0,
				"sectionNotes": [
					[
						78857.1428571429,
						0,
						750
					],
					[
						79714.2857142858,
						2,
						750
					]
				],
				"altAnim": false,
				"gfSection": false,
				"bpm": 140,
				"changeBPM": false,
				"mustHitSection": false
			},
			{
				"lengthInSteps": 16,
				"typeOfSection": 0,
				"sectionNotes": [
					[
						80571.4285714286,
						3,
						750
					],
					[
						81428.5714285715,
						1,
						750
					]
				],
				"altAnim": false,
				"gfSection": false,
				"bpm": 140,
				"changeBPM": false,
				"mustHitSection": false
			},
			{
				"lengthInSteps": 16,
				"typeOfSection": 0,
				"sectionNotes": [
					[
						82285.7142857143,
						0,
						750
					],
					[
						83142.8571428572,
						1,
						750
					]
				],
				"altAnim": false,
				"gfSection": false,
				"bpm": 140,
				"changeBPM": false,
				"mustHitSection": true
			},
			{
				"lengthInSteps": 16,
				"typeOfSection": 0,
				"sectionNotes": [
					[
						84000,
						2,
						750
					],
					[
						84857.1428571429,
						3,
						750
					]
				],
				"altAnim": false,
				"gfSection": false,
				"bpm": 140,
				"changeBPM": false,
				"mustHitSection": true
			},
			{
				"lengthInSteps": 16,
				"typeOfSection": 0,
				"sectionNotes": [
					[
						85714.2857142858,
						0,
						750
					],
					[
						86571.4285714286,
						2,
						750
					]
				],
				"altAnim": false,
				"gfSection": false,
				"bpm": 140,
				"changeBPM": false,
				"mustHitSection": true
			},
			{
				"lengthInSteps": 16,
				"typeOfSection": 0,
				"sectionNotes": [
					[
						87428.5714285715,
						3,
						750
					],
					[
						88285.7142857143,
						4,
						0
					],
					[
						88392.8571428571,
						6,
						0
					],
					[
						88500,
						5,
						0
					],
					[
						88607.1428571429,
						6,
						0
					],
					[
						88714.2857142857,
						7,
						0
					],
					[
						88821.4285714286,
						5,
						0
					],
					[
						88928.5714285714,
						6,
						0
					],
					[
						88982.1428571429,
						7,
						0
					],
					[
						89035.7142857143,
						5,
						0
					],
					[
						89089.2857142857,
						4,
						0
					]
				],
				"altAnim": false,
				"gfSection": false,
				"bpm": 140,
				"changeBPM": false,
				"mustHitSection": true
			},
			{
				"lengthInSteps": 16,
				"typeOfSection": 0,
				"sectionNotes": [
					[
						90428.5714285714,
						2,
						321.428571428571
					],
					[
						90214.2857142857,
						1,
						107.142857142857
					],
					[
						90000,
						2,
						107.142857142857
					]
				],
				"altAnim": false,
				"gfSection": false,
				"bpm": 140,
				"changeBPM": false,
				"mustHitSection": false
			},
			{
				"lengthInSteps": 16,
				"typeOfSection": 0,
				"sectionNotes": [
					[
						90857.1428571429,
						3,
						107.142857142857
					],
					[
						91071.4285714286,
						0,
						107.142857142857
					],
					[
						91285.7142857143,
						1,
						107.142857142857
					],
					[
						91714.2857142857,
						0,
						0
					],
					[
						91821.4285714286,
						2,
						0
					],
					[
						91767.8571428571,
						3,
						0
					],
					[
						91500,
						2,
						107.142857142857
					],
					[
						91928.5714285714,
						1,
						107.142857142857
					],
					[
						92142.8571428571,
						3,
						107.142857142857
					],
					[
						92357.1428571429,
						0,
						0
					],
					[
						92464.2857142857,
						2,
						0
					]
				],
				"altAnim": false,
				"gfSection": false,
				"bpm": 140,
				"changeBPM": false,
				"mustHitSection": false
			},
			{
				"lengthInSteps": 16,
				"typeOfSection": 0,
				"sectionNotes": [
					[
						92571.4285714286,
						3,
						107.142857142857
					],
					[
						92785.7142857143,
						1,
						107.142857142857
					],
					[
						93000,
						0,
						107.142857142857
					],
					[
						93214.2857142857,
						2,
						107.142857142857
					],
					[
						93428.5714285714,
						1,
						0
					],
					[
						93535.7142857143,
						2,
						0
					],
					[
						93642.8571428571,
						0,
						0
					],
					[
						93750,
						3,
						0
					],
					[
						93857.1428571429,
						2,
						0
					],
					[
						93964.2857142857,
						0,
						0
					],
					[
						94071.4285714286,
						2,
						0
					],
					[
						94125,
						1,
						0
					],
					[
						94178.5714285714,
						3,
						0
					],
					[
						94232.1428571429,
						0,
						0
					]
				],
				"altAnim": false,
				"gfSection": false,
				"bpm": 140,
				"changeBPM": false,
				"mustHitSection": false
			},
			{
				"lengthInSteps": 16,
				"typeOfSection": 0,
				"sectionNotes": [
					[
						94285.7142857143,
						3,
						107.142857142857
					],
					[
						94500,
						1,
						107.142857142857
					],
					[
						94714.2857142857,
						0,
						107.142857142857
					],
					[
						94928.5714285714,
						3,
						107.142857142857
					],
					[
						95142.8571428571,
						2,
						107.142857142857
					],
					[
						95357.1428571428,
						0,
						107.142857142857
					],
					[
						95571.4285714286,
						1,
						107.142857142857
					],
					[
						95785.7142857143,
						3,
						107.142857142857
					]
				],
				"altAnim": false,
				"gfSection": false,
				"bpm": 140,
				"changeBPM": false,
				"mustHitSection": false
			},
			{
				"lengthInSteps": 16,
				"typeOfSection": 0,
				"sectionNotes": [
					[
						97285.7142857143,
						2,
						321.428571428571
					],
					[
						97071.4285714286,
						1,
						107.142857142857
					],
					[
						96857.1428571429,
						2,
						107.142857142857
					]
				],
				"altAnim": false,
				"gfSection": false,
				"bpm": 140,
				"changeBPM": false,
				"mustHitSection": true
			},
			{
				"lengthInSteps": 16,
				"typeOfSection": 0,
				"sectionNotes": [
					[
						97714.2857142857,
						3,
						107.142857142857
					],
					[
						97928.5714285714,
						0,
						107.142857142857
					],
					[
						98142.8571428571,
						1,
						107.142857142857
					],
					[
						98571.4285714286,
						0,
						0
					],
					[
						98678.5714285714,
						2,
						0
					],
					[
						98625,
						3,
						0
					],
					[
						98357.1428571429,
						2,
						107.142857142857
					],
					[
						98785.7142857143,
						1,
						107.142857142857
					],
					[
						99000,
						3,
						107.142857142857
					],
					[
						99214.2857142857,
						0,
						0
					],
					[
						99321.4285714286,
						2,
						0
					]
				],
				"altAnim": false,
				"gfSection": false,
				"bpm": 140,
				"changeBPM": false,
				"mustHitSection": true
			},
			{
				"lengthInSteps": 16,
				"typeOfSection": 0,
				"sectionNotes": [
					[
						99428.5714285714,
						3,
						107.142857142857
					],
					[
						99642.8571428571,
						1,
						107.142857142857
					],
					[
						99857.1428571429,
						0,
						107.142857142857
					],
					[
						100071.428571429,
						2,
						107.142857142857
					],
					[
						100285.714285714,
						1,
						0
					],
					[
						100392.857142857,
						2,
						0
					],
					[
						100500,
						0,
						0
					],
					[
						100607.142857143,
						3,
						0
					],
					[
						100714.285714286,
						2,
						0
					],
					[
						100821.428571429,
						0,
						0
					],
					[
						100928.571428571,
						2,
						0
					],
					[
						100982.142857143,
						1,
						0
					],
					[
						101035.714285714,
						3,
						0
					],
					[
						101089.285714286,
						0,
						0
					]
				],
				"altAnim": false,
				"gfSection": false,
				"bpm": 140,
				"changeBPM": false,
				"mustHitSection": true
			},
			{
				"lengthInSteps": 16,
				"typeOfSection": 0,
				"sectionNotes": [
					[
						101142.857142857,
						3,
						107.142857142857
					],
					[
						101357.142857143,
						1,
						107.142857142857
					],
					[
						101571.428571429,
						0,
						107.142857142857
					],
					[
						101785.714285714,
						3,
						107.142857142857
					],
					[
						102000,
						2,
						107.142857142857
					],
					[
						102214.285714286,
						0,
						107.142857142857
					],
					[
						102428.571428571,
						1,
						107.142857142857
					],
					[
						102642.857142857,
						3,
						107.142857142857
					]
				],
				"altAnim": false,
				"gfSection": false,
				"bpm": 140,
				"changeBPM": false,
				"mustHitSection": true
			},
			{
				"lengthInSteps": 16,
				"typeOfSection": 0,
				"sectionNotes": [
					[
						102857.142857143,
						2,
						214.285714285714
					],
					[
						103178.571428571,
						0,
						0
					],
					[
						103285.714285714,
						2,
						214.285714285714
					],
					[
						103607.142857143,
						3,
						0
					],
					[
						104142.857142857,
						1,
						0
					],
					[
						104250,
						3,
						0
					],
					[
						104357.142857143,
						2,
						0
					],
					[
						104464.285714286,
						0,
						0
					]
				],
				"altAnim": false,
				"gfSection": false,
				"bpm": 140,
				"changeBPM": false,
				"mustHitSection": false
			},
			{
				"lengthInSteps": 16,
				"typeOfSection": 0,
				"sectionNotes": [
					[
						104571.428571429,
						1,
						214.285714285714
					],
					[
						104892.857142857,
						3,
						0
					],
					[
						105000,
						1,
						214.285714285714
					],
					[
						105321.428571429,
						0,
						0
					],
					[
						105428.571428571,
						2,
						214.285714285714
					],
					[
						105750,
						3,
						0
					],
					[
						105857.142857143,
						2,
						214.285714285714
					],
					[
						106178.571428571,
						0,
						0
					]
				],
				"altAnim": false,
				"gfSection": false,
				"bpm": 140,
				"changeBPM": false,
				"mustHitSection": false
			},
			{
				"lengthInSteps": 16,
				"typeOfSection": 0,
				"sectionNotes": [
					[
						106285.714285714,
						2,
						214.285714285714
					],
					[
						106607.142857143,
						0,
						0
					],
					[
						106714.285714286,
						2,
						214.285714285714
					],
					[
						107035.714285714,
						3,
						0
					],
					[
						107571.428571429,
						1,
						0
					],
					[
						107678.571428571,
						3,
						0
					],
					[
						107785.714285714,
						2,
						0
					],
					[
						107892.857142857,
						0,
						0
					],
					[
						107142.857142857,
						2,
						214.285714285714
					],
					[
						107464.285714286,
						0,
						0
					]
				],
				"altAnim": false,
				"gfSection": false,
				"bpm": 140,
				"changeBPM": false,
				"mustHitSection": true
			},
			{
				"lengthInSteps": 16,
				"typeOfSection": 0,
				"sectionNotes": [
					[
						108000,
						1,
						214.285714285714
					],
					[
						108321.428571429,
						3,
						0
					],
					[
						108428.571428571,
						1,
						214.285714285714
					],
					[
						108750,
						0,
						0
					],
					[
						108857.142857143,
						2,
						214.285714285714
					],
					[
						109178.571428571,
						3,
						0
					],
					[
						109285.714285714,
						2,
						214.285714285714
					],
					[
						109607.142857143,
						0,
						0
					]
				],
				"altAnim": false,
				"gfSection": false,
				"bpm": 140,
				"changeBPM": false,
				"mustHitSection": true
			},
			{
				"lengthInSteps": 16,
				"typeOfSection": 0,
				"sectionNotes": [
					[
						109714.285714286,
						3,
						0
					],
					[
						109928.571428571,
						3,
						0
					],
					[
						110142.857142857,
						1,
						0
					],
					[
						110357.142857143,
						0,
						0
					],
					[
						110571.428571429,
						0,
						0
					],
					[
						110785.714285714,
						2,
						0
					],
					[
						111000,
						3,
						0
					],
					[
						111214.285714286,
						0,
						0
					]
				],
				"altAnim": false,
				"gfSection": false,
				"bpm": 140,
				"changeBPM": false,
				"mustHitSection": false
			},
			{
				"lengthInSteps": 16,
				"typeOfSection": 0,
				"sectionNotes": [
					[
						111428.571428571,
						3,
						0
					],
					[
						111535.714285714,
						2,
						0
					],
					[
						111642.857142857,
						0,
						0
					],
					[
						111750,
						2,
						0
					],
					[
						111857.142857143,
						3,
						0
					],
					[
						111964.285714286,
						1,
						0
					],
					[
						112071.428571429,
						0,
						0
					],
					[
						112178.571428571,
						1,
						0
					],
					[
						112285.714285714,
						3,
						0
					],
					[
						112392.857142857,
						2,
						0
					],
					[
						112500,
						0,
						0
					],
					[
						112607.142857143,
						2,
						0
					],
					[
						112714.285714286,
						3,
						0
					],
					[
						112821.428571429,
						1,
						0
					],
					[
						112928.571428571,
						0,
						0
					],
					[
						113035.714285714,
						1,
						0
					]
				],
				"altAnim": false,
				"gfSection": false,
				"bpm": 140,
				"changeBPM": false,
				"mustHitSection": false
			},
			{
				"lengthInSteps": 16,
				"typeOfSection": 0,
				"sectionNotes": [
					[
						113142.857142857,
						3,
						0
					],
					[
						113357.142857143,
						3,
						0
					],
					[
						113571.428571429,
						1,
						0
					],
					[
						113785.714285714,
						0,
						0
					],
					[
						114000,
						0,
						0
					],
					[
						114214.285714286,
						2,
						0
					],
					[
						114428.571428571,
						3,
						0
					],
					[
						114642.857142857,
						0,
						0
					]
				],
				"altAnim": false,
				"gfSection": false,
				"bpm": 140,
				"changeBPM": false,
				"mustHitSection": true
			},
			{
				"lengthInSteps": 16,
				"typeOfSection": 0,
				"sectionNotes": [
					[
						116142.857142857,
						1,
						321.428571428571
					]
				],
				"altAnim": false,
				"gfSection": false,
				"bpm": 140,
				"changeBPM": false,
				"mustHitSection": true
			},
			{
				"lengthInSteps": 16,
				"typeOfSection": 0,
				"sectionNotes": [
					[
						116571.428571429,
						3,
						0
					],
					[
						116678.571428571,
						2,
						0
					],
					[
						116785.714285714,
						0,
						0
					],
					[
						116892.857142857,
						1,
						0
					],
					[
						117000,
						3,
						321.428571428571
					],
					[
						117428.571428571,
						2,
						0
					],
					[
						117535.714285714,
						0,
						0
					],
					[
						117642.857142857,
						1,
						0
					],
					[
						117750,
						3,
						0
					],
					[
						117857.142857143,
						0,
						321.428571428571
					]
				],
				"altAnim": false,
				"gfSection": false,
				"bpm": 140,
				"changeBPM": false,
				"mustHitSection": true
			},
			{
				"lengthInSteps": 16,
				"typeOfSection": 0,
				"sectionNotes": [
					[
						118285.714285714,
						3,
						0
					],
					[
						118392.857142857,
						2,
						0
					],
					[
						118500,
						0,
						0
					],
					[
						118607.142857143,
						1,
						0
					],
					[
						118714.285714286,
						3,
						107.142857142857
					],
					[
						118928.571428571,
						1,
						107.142857142857
					],
					[
						119142.857142857,
						2,
						0
					],
					[
						119196.428571429,
						3,
						0
					],
					[
						119250,
						0,
						0
					],
					[
						119303.571428571,
						1,
						0
					],
					[
						119357.142857143,
						3,
						0
					],
					[
						119464.285714286,
						2,
						0
					],
					[
						119571.428571429,
						0,
						107.142857142857
					],
					[
						119785.714285714,
						1,
						0
					],
					[
						119892.857142857,
						3,
						0
					]
				],
				"altAnim": false,
				"gfSection": false,
				"bpm": 140,
				"changeBPM": false,
				"mustHitSection": true
			},
			{
				"lengthInSteps": 16,
				"typeOfSection": 0,
				"sectionNotes": [
					[
						120000,
						3,
						0
					],
					[
						120107.142857143,
						2,
						0
					],
					[
						120214.285714286,
						0,
						0
					],
					[
						120321.428571429,
						1,
						0
					],
					[
						120428.571428571,
						3,
						321.428571428571
					],
					[
						120857.142857143,
						2,
						0
					],
					[
						120964.285714286,
						0,
						0
					],
					[
						121071.428571429,
						1,
						0
					],
					[
						121178.571428571,
						3,
						0
					],
					[
						121285.714285714,
						0,
						321.428571428571
					]
				],
				"altAnim": false,
				"gfSection": false,
				"bpm": 140,
				"changeBPM": false,
				"mustHitSection": false
			},
			{
				"lengthInSteps": 16,
				"typeOfSection": 0,
				"sectionNotes": [
					[
						121714.285714286,
						3,
						0
					],
					[
						121821.428571429,
						2,
						0
					],
					[
						121928.571428571,
						0,
						0
					],
					[
						122035.714285714,
						1,
						0
					],
					[
						122142.857142857,
						3,
						107.142857142857
					],
					[
						122357.142857143,
						1,
						107.142857142857
					],
					[
						122571.428571429,
						2,
						0
					],
					[
						122625,
						3,
						0
					],
					[
						122678.571428571,
						0,
						0
					],
					[
						122732.142857143,
						1,
						0
					],
					[
						122785.714285714,
						3,
						0
					],
					[
						122892.857142857,
						2,
						0
					],
					[
						123000,
						0,
						107.142857142857
					],
					[
						123214.285714286,
						1,
						0
					],
					[
						123321.428571429,
						3,
						0
					]
				],
				"altAnim": false,
				"gfSection": false,
				"bpm": 140,
				"changeBPM": false,
				"mustHitSection": false
			},
			{
				"lengthInSteps": 16,
				"typeOfSection": 0,
				"sectionNotes": [
					[
						123428.571428571,
						3,
						0
					],
					[
						123535.714285714,
						2,
						0
					],
					[
						123642.857142857,
						0,
						0
					],
					[
						123750,
						1,
						0
					],
					[
						123857.142857143,
						3,
						321.428571428571
					],
					[
						124285.714285714,
						2,
						0
					],
					[
						124392.857142857,
						0,
						0
					],
					[
						124500,
						1,
						0
					],
					[
						124607.142857143,
						3,
						0
					],
					[
						124714.285714286,
						0,
						321.428571428571
					]
				],
				"altAnim": false,
				"gfSection": false,
				"bpm": 140,
				"changeBPM": false,
				"mustHitSection": true
			},
			{
				"lengthInSteps": 16,
				"typeOfSection": 0,
				"sectionNotes": [
					[
						125142.857142857,
						3,
						0
					],
					[
						125250,
						2,
						0
					],
					[
						125357.142857143,
						0,
						0
					],
					[
						125464.285714286,
						1,
						0
					],
					[
						125571.428571429,
						3,
						107.142857142857
					],
					[
						125785.714285714,
						1,
						107.142857142857
					],
					[
						126000,
						2,
						0
					],
					[
						126053.571428571,
						3,
						0
					],
					[
						126107.142857143,
						0,
						0
					],
					[
						126160.714285714,
						1,
						0
					],
					[
						126214.285714286,
						3,
						0
					],
					[
						126321.428571429,
						2,
						0
					],
					[
						126428.571428571,
						0,
						107.142857142857
					],
					[
						126642.857142857,
						1,
						0
					],
					[
						126750,
						3,
						0
					]
				],
				"altAnim": false,
				"gfSection": false,
				"bpm": 140,
				"changeBPM": false,
				"mustHitSection": true
			},
			{
				"lengthInSteps": 16,
				"typeOfSection": 0,
				"sectionNotes": [
					[
						126857.142857143,
						3,
						0
					],
					[
						126964.285714286,
						2,
						0
					],
					[
						127071.428571429,
						0,
						0
					],
					[
						127178.571428571,
						1,
						0
					],
					[
						127285.714285714,
						3,
						321.428571428571
					],
					[
						127714.285714286,
						2,
						0
					],
					[
						127821.428571429,
						0,
						0
					],
					[
						127928.571428571,
						1,
						0
					],
					[
						128035.714285714,
						3,
						0
					],
					[
						128142.857142857,
						0,
						321.428571428571
					]
				],
				"altAnim": false,
				"gfSection": false,
				"bpm": 140,
				"changeBPM": false,
				"mustHitSection": false
			},
			{
				"lengthInSteps": 16,
				"typeOfSection": 0,
				"sectionNotes": [
					[
						128571.428571429,
						3,
						0
					],
					[
						128678.571428571,
						2,
						0
					],
					[
						128785.714285714,
						0,
						0
					],
					[
						128892.857142857,
						1,
						0
					],
					[
						129000,
						3,
						107.142857142857
					],
					[
						129214.285714286,
						1,
						107.142857142857
					],
					[
						129428.571428571,
						2,
						0
					],
					[
						129482.142857143,
						3,
						0
					],
					[
						129535.714285714,
						0,
						0
					],
					[
						129589.285714286,
						1,
						0
					],
					[
						129642.857142857,
						3,
						0
					],
					[
						129750,
						2,
						0
					],
					[
						129857.142857143,
						0,
						107.142857142857
					],
					[
						130071.428571429,
						1,
						0
					],
					[
						130178.571428571,
						3,
						0
					]
				],
				"altAnim": false,
				"gfSection": false,
				"bpm": 140,
				"changeBPM": false,
				"mustHitSection": false
			},
			{
				"lengthInSteps": 16,
				"typeOfSection": 0,
				"sectionNotes": [
					[
						130285.714285714,
						3,
						0
					],
					[
						131142.857142857,
						2,
						0
					],
					[
						130339.285714286,
						2,
						0
					],
					[
						130392.857142857,
						0,
						0
					],
					[
						130446.428571428,
						1,
						0
					],
					[
						130500,
						3,
						0
					],
					[
						130714.285714286,
						3,
						107.142857142857
					],
					[
						130928.571428571,
						1,
						107.142857142857
					],
					[
						130553.571428571,
						2,
						0
					],
					[
						130607.142857143,
						0,
						0
					],
					[
						130660.714285714,
						1,
						0
					],
					[
						131196.428571428,
						0,
						0
					],
					[
						131250,
						3,
						0
					],
					[
						131303.571428571,
						1,
						0
					],
					[
						131357.142857143,
						2,
						0
					],
					[
						131410.714285714,
						0,
						0
					],
					[
						131464.285714286,
						3,
						0
					],
					[
						131517.857142857,
						1,
						0
					],
					[
						131571.428571428,
						0,
						107.142857142857
					],
					[
						131785.714285714,
						3,
						0
					],
					[
						131892.857142857,
						2,
						0
					]
				],
				"altAnim": false,
				"gfSection": false,
				"bpm": 140,
				"changeBPM": false,
				"mustHitSection": true
			},
			{
				"lengthInSteps": 16,
				"typeOfSection": 0,
				"sectionNotes": [
					[
						132000,
						3,
						0
					],
					[
						132053.571428571,
						1,
						0
					],
					[
						132107.142857143,
						0,
						0
					],
					[
						132160.714285714,
						3,
						0
					],
					[
						132214.285714286,
						2,
						0
					],
					[
						132267.857142857,
						0,
						0
					],
					[
						132321.428571428,
						3,
						0
					],
					[
						132375,
						1,
						0
					],
					[
						132428.571428571,
						0,
						107.142857142857
					],
					[
						132642.857142857,
						1,
						107.142857142857
					],
					[
						132857.142857143,
						2,
						0
					],
					[
						132910.714285714,
						3,
						0
					],
					[
						132964.285714286,
						0,
						0
					],
					[
						133017.857142857,
						1,
						0
					],
					[
						133071.428571428,
						2,
						0
					],
					[
						133125,
						3,
						0
					],
					[
						133178.571428571,
						0,
						0
					],
					[
						133232.142857143,
						1,
						0
					],
					[
						133285.714285714,
						2,
						0
					],
					[
						133392.857142857,
						3,
						0
					],
					[
						133500,
						0,
						0
					],
					[
						133607.142857143,
						1,
						0
					]
				],
				"altAnim": false,
				"gfSection": false,
				"bpm": 140,
				"changeBPM": false,
				"mustHitSection": true
			},
			{
				"lengthInSteps": 16,
				"typeOfSection": 0,
				"sectionNotes": [
					[
						133714.285714286,
						3,
						0
					],
					[
						134571.428571429,
						2,
						0
					],
					[
						133767.857142857,
						2,
						0
					],
					[
						133821.428571428,
						0,
						0
					],
					[
						133875,
						1,
						0
					],
					[
						133928.571428571,
						3,
						0
					],
					[
						134142.857142857,
						3,
						107.142857142857
					],
					[
						134357.142857143,
						1,
						107.142857142857
					],
					[
						133982.142857143,
						2,
						0
					],
					[
						134035.714285714,
						0,
						0
					],
					[
						134089.285714286,
						1,
						0
					],
					[
						134625,
						0,
						0
					],
					[
						134678.571428571,
						3,
						0
					],
					[
						134732.142857143,
						1,
						0
					],
					[
						134785.714285714,
						2,
						0
					],
					[
						134839.285714286,
						0,
						0
					],
					[
						134892.857142857,
						3,
						0
					],
					[
						134946.428571428,
						1,
						0
					],
					[
						135000,
						0,
						107.142857142857
					],
					[
						135214.285714286,
						3,
						0
					],
					[
						135321.428571428,
						2,
						0
					]
				],
				"altAnim": false,
				"gfSection": false,
				"bpm": 140,
				"changeBPM": false,
				"mustHitSection": false
			},
			{
				"lengthInSteps": 16,
				"typeOfSection": 0,
				"sectionNotes": [
					[
						135428.571428571,
						3,
						0
					],
					[
						135482.142857143,
						1,
						0
					],
					[
						135535.714285714,
						0,
						0
					],
					[
						135589.285714286,
						3,
						0
					],
					[
						135642.857142857,
						2,
						0
					],
					[
						135696.428571428,
						0,
						0
					],
					[
						135750,
						3,
						0
					],
					[
						135803.571428571,
						1,
						0
					],
					[
						135857.142857143,
						0,
						107.142857142857
					],
					[
						136071.428571428,
						1,
						107.142857142857
					],
					[
						136285.714285714,
						2,
						0
					],
					[
						136339.285714286,
						3,
						0
					],
					[
						136392.857142857,
						0,
						0
					],
					[
						136446.428571428,
						1,
						0
					],
					[
						136500,
						2,
						0
					],
					[
						136553.571428571,
						3,
						0
					],
					[
						136607.142857143,
						0,
						0
					],
					[
						136660.714285714,
						1,
						0
					],
					[
						136714.285714286,
						2,
						0
					],
					[
						136821.428571428,
						3,
						0
					],
					[
						136928.571428571,
						0,
						0
					],
					[
						137035.714285714,
						1,
						0
					]
				],
				"altAnim": false,
				"gfSection": false,
				"bpm": 140,
				"changeBPM": false,
				"mustHitSection": false
			},
			{
				"lengthInSteps": 16,
				"typeOfSection": 0,
				"sectionNotes": [
					[
						137142.857142857,
						0,
						0
					],
					[
						138000,
						1,
						0
					],
					[
						137196.428571428,
						1,
						0
					],
					[
						137250,
						3,
						0
					],
					[
						137303.571428571,
						2,
						0
					],
					[
						137357.142857143,
						0,
						0
					],
					[
						137571.428571428,
						0,
						107.142857142857
					],
					[
						137785.714285714,
						2,
						107.142857142857
					],
					[
						137410.714285714,
						1,
						0
					],
					[
						137464.285714286,
						3,
						0
					],
					[
						137517.857142857,
						2,
						0
					],
					[
						138053.571428571,
						3,
						0
					],
					[
						138107.142857143,
						0,
						0
					],
					[
						138160.714285714,
						2,
						0
					],
					[
						138214.285714286,
						1,
						0
					],
					[
						138267.857142857,
						3,
						0
					],
					[
						138321.428571428,
						0,
						0
					],
					[
						138375,
						2,
						0
					],
					[
						138428.571428571,
						3,
						107.142857142857
					],
					[
						138642.857142857,
						0,
						0
					],
					[
						138750,
						1,
						0
					]
				],
				"altAnim": false,
				"gfSection": false,
				"bpm": 140,
				"changeBPM": false,
				"mustHitSection": true
			},
			{
				"lengthInSteps": 16,
				"typeOfSection": 0,
				"sectionNotes": [
					[
						138857.142857143,
						0,
						0
					],
					[
						138910.714285714,
						2,
						0
					],
					[
						138964.285714286,
						3,
						0
					],
					[
						139017.857142857,
						0,
						0
					],
					[
						139071.428571428,
						1,
						0
					],
					[
						139125,
						3,
						0
					],
					[
						139178.571428571,
						0,
						0
					],
					[
						139232.142857143,
						2,
						0
					],
					[
						139285.714285714,
						3,
						107.142857142857
					],
					[
						139500,
						2,
						107.142857142857
					],
					[
						139714.285714286,
						1,
						0
					],
					[
						139767.857142857,
						0,
						0
					],
					[
						139821.428571428,
						3,
						0
					],
					[
						139875,
						2,
						0
					],
					[
						139928.571428571,
						1,
						0
					],
					[
						139982.142857143,
						0,
						0
					],
					[
						140035.714285714,
						3,
						0
					],
					[
						140089.285714286,
						2,
						0
					],
					[
						140142.857142857,
						1,
						0
					],
					[
						140250,
						0,
						0
					],
					[
						140357.142857143,
						3,
						0
					],
					[
						140464.285714286,
						2,
						0
					]
				],
				"altAnim": false,
				"gfSection": false,
				"bpm": 140,
				"changeBPM": false,
				"mustHitSection": true
			},
			{
				"lengthInSteps": 16,
				"typeOfSection": 0,
				"sectionNotes": [
					[
						140571.428571429,
						3,
						0
					],
					[
						141428.571428571,
						2,
						0
					],
					[
						140625,
						2,
						0
					],
					[
						140678.571428571,
						0,
						0
					],
					[
						140732.142857143,
						1,
						0
					],
					[
						140785.714285714,
						3,
						0
					],
					[
						141000,
						3,
						107.142857142857
					],
					[
						141214.285714286,
						1,
						107.142857142857
					],
					[
						140839.285714286,
						2,
						0
					],
					[
						140892.857142857,
						0,
						0
					],
					[
						140946.428571428,
						1,
						0
					],
					[
						141482.142857143,
						0,
						0
					],
					[
						141535.714285714,
						3,
						0
					],
					[
						141589.285714286,
						1,
						0
					],
					[
						141642.857142857,
						2,
						0
					],
					[
						141696.428571428,
						0,
						0
					],
					[
						141750,
						3,
						0
					],
					[
						141803.571428571,
						1,
						0
					],
					[
						141857.142857143,
						0,
						107.142857142857
					],
					[
						142071.428571428,
						3,
						0
					],
					[
						142178.571428571,
						2,
						0
					]
				],
				"altAnim": false,
				"gfSection": false,
				"bpm": 140,
				"changeBPM": false,
				"mustHitSection": false
			},
			{
				"lengthInSteps": 16,
				"typeOfSection": 0,
				"sectionNotes": [
					[
						142285.714285714,
						3,
						0
					],
					[
						142339.285714286,
						1,
						0
					],
					[
						142392.857142857,
						0,
						0
					],
					[
						142446.428571428,
						3,
						0
					],
					[
						142500,
						2,
						0
					],
					[
						142553.571428571,
						0,
						0
					],
					[
						142607.142857143,
						3,
						0
					],
					[
						142660.714285714,
						1,
						0
					],
					[
						142714.285714286,
						0,
						107.142857142857
					],
					[
						142928.571428571,
						1,
						107.142857142857
					],
					[
						143142.857142857,
						2,
						0
					],
					[
						143196.428571428,
						3,
						0
					],
					[
						143250,
						0,
						0
					],
					[
						143303.571428571,
						1,
						0
					],
					[
						143357.142857143,
						2,
						0
					],
					[
						143410.714285714,
						3,
						0
					],
					[
						143464.285714286,
						0,
						0
					],
					[
						143517.857142857,
						1,
						0
					],
					[
						143571.428571428,
						2,
						0
					],
					[
						143678.571428571,
						3,
						0
					],
					[
						143785.714285714,
						0,
						0
					],
					[
						143892.857142857,
						1,
						0
					]
				],
				"altAnim": false,
				"gfSection": false,
				"bpm": 140,
				"changeBPM": false,
				"mustHitSection": false
			},
			{
				"lengthInSteps": 16,
				"typeOfSection": 0,
				"sectionNotes": [],
				"altAnim": false,
				"gfSection": false,
				"bpm": 140,
				"changeBPM": false,
				"mustHitSection": true
			},
			{
				"lengthInSteps": 16,
				"typeOfSection": 0,
				"sectionNotes": [],
				"altAnim": false,
				"gfSection": false,
				"bpm": 140,
				"changeBPM": false,
				"mustHitSection": true
			},
			{
				"lengthInSteps": 16,
				"typeOfSection": 0,
				"sectionNotes": [
					[
						147428.571428571,
						1,
						750
					],
					[
						147428.571428571,
						5,
						750
					]
				],
				"altAnim": false,
				"gfSection": false,
				"bpm": 140,
				"changeBPM": false,
				"mustHitSection": true
			},
			{
				"lengthInSteps": 16,
				"typeOfSection": 0,
				"sectionNotes": [],
				"altAnim": false,
				"gfSection": false,
				"bpm": 140,
				"changeBPM": false,
				"mustHitSection": true
			},
			{
				"lengthInSteps": 16,
				"typeOfSection": 0,
				"sectionNotes": [],
				"altAnim": false,
				"gfSection": false,
				"bpm": 140,
				"changeBPM": false,
				"mustHitSection": true
			},
			{
				"lengthInSteps": 16,
				"typeOfSection": 0,
				"sectionNotes": [],
				"altAnim": false,
				"gfSection": false,
				"bpm": 140,
				"changeBPM": false,
				"mustHitSection": true
			},
			{
				"sectionBeats": 4,
				"sectionNotes": [],
				"typeOfSection": 0,
				"gfSection": false,
				"altAnim": false,
				"mustHitSection": true,
				"changeBPM": false,
				"bpm": 140
			},
			{
				"sectionBeats": 4,
				"sectionNotes": [],
				"typeOfSection": 0,
				"gfSection": false,
				"altAnim": false,
				"mustHitSection": true,
				"changeBPM": false,
				"bpm": 140
			},
			{
				"sectionBeats": 4,
				"sectionNotes": [],
				"typeOfSection": 0,
				"gfSection": false,
				"altAnim": false,
				"mustHitSection": true,
				"changeBPM": false,
				"bpm": 140
			},
			{
				"sectionBeats": 4,
				"sectionNotes": [],
				"typeOfSection": 0,
				"gfSection": false,
				"altAnim": false,
				"mustHitSection": true,
				"changeBPM": false,
				"bpm": 140
			},
			{
				"sectionBeats": 4,
				"sectionNotes": [],
				"typeOfSection": 0,
				"gfSection": false,
				"altAnim": false,
				"mustHitSection": true,
				"changeBPM": false,
				"bpm": 140
			},
			{
				"sectionBeats": 4,
				"sectionNotes": [],
				"typeOfSection": 0,
				"gfSection": false,
				"altAnim": false,
				"mustHitSection": true,
				"changeBPM": false,
				"bpm": 140
			},
			{
				"typeOfSection": 0,
				"sectionNotes": [],
				"sectionBeats": 4,
				"altAnim": false,
				"gfSection": false,
				"bpm": 140,
				"changeBPM": false,
				"mustHitSection": true
			},
			{
				"sectionBeats": 4,
				"sectionNotes": [],
				"typeOfSection": 0,
				"gfSection": false,
				"altAnim": false,
				"mustHitSection": true,
				"changeBPM": false,
				"bpm": 140
			},
			{
				"sectionBeats": 4,
				"sectionNotes": [],
				"typeOfSection": 0,
				"gfSection": false,
				"altAnim": false,
				"mustHitSection": true,
				"changeBPM": false,
				"bpm": 140
			},
			{
				"sectionBeats": 4,
				"sectionNotes": [],
				"typeOfSection": 0,
				"gfSection": false,
				"altAnim": false,
				"mustHitSection": true,
				"changeBPM": false,
				"bpm": 140
			},
			{
				"sectionBeats": 4,
				"sectionNotes": [],
				"typeOfSection": 0,
				"gfSection": false,
				"altAnim": false,
				"mustHitSection": true,
				"changeBPM": false,
				"bpm": 140
			},
			{
				"sectionBeats": 4,
				"sectionNotes": [],
				"typeOfSection": 0,
				"gfSection": false,
				"altAnim": false,
				"mustHitSection": true,
				"changeBPM": false,
				"bpm": 140
			},
			{
				"typeOfSection": 0,
				"sectionNotes": [],
				"sectionBeats": 4,
				"altAnim": false,
				"gfSection": false,
				"bpm": 140,
				"changeBPM": false,
				"mustHitSection": true
			},
			{
				"typeOfSection": 0,
				"sectionNotes": [],
				"sectionBeats": 4,
				"altAnim": false,
				"gfSection": false,
				"bpm": 140,
				"changeBPM": false,
				"mustHitSection": true
			},
			{
				"typeOfSection": 0,
				"sectionNotes": [],
				"sectionBeats": 4,
				"altAnim": false,
				"gfSection": false,
				"bpm": 140,
				"changeBPM": false,
				"mustHitSection": true
			},
			{
				"typeOfSection": 0,
				"sectionNotes": [],
				"sectionBeats": 4,
				"altAnim": false,
				"gfSection": false,
				"bpm": 140,
				"changeBPM": false,
				"mustHitSection": true
			},
			{
				"sectionBeats": 4,
				"sectionNotes": [],
				"typeOfSection": 0,
				"gfSection": false,
				"altAnim": false,
				"mustHitSection": true,
				"changeBPM": false,
				"bpm": 140
			},
			{
				"sectionBeats": 4,
				"sectionNotes": [],
				"typeOfSection": 0,
				"gfSection": false,
				"altAnim": false,
				"mustHitSection": true,
				"changeBPM": false,
				"bpm": 140
			},
			{
				"gfSection": false,
				"altAnim": false,
				"typeOfSection": 0,
				"sectionNotes": [],
				"bpm": 140,
				"sectionBeats": 4,
				"changeBPM": false,
				"mustHitSection": true
			},
			{
				"gfSection": false,
				"altAnim": false,
				"typeOfSection": 0,
				"sectionNotes": [],
				"bpm": 140,
				"sectionBeats": 4,
				"changeBPM": false,
				"mustHitSection": true
			},
			{
				"gfSection": false,
				"altAnim": false,
				"typeOfSection": 0,
				"sectionNotes": [],
				"bpm": 140,
				"sectionBeats": 4,
				"changeBPM": false,
				"mustHitSection": true
			},
			{
				"gfSection": false,
				"altAnim": false,
				"typeOfSection": 0,
				"sectionNotes": [],
				"bpm": 140,
				"sectionBeats": 4,
				"changeBPM": false,
				"mustHitSection": true
			},
			{
				"gfSection": false,
				"altAnim": false,
				"typeOfSection": 0,
				"sectionNotes": [],
				"bpm": 140,
				"sectionBeats": 4,
				"changeBPM": false,
				"mustHitSection": true
			},
			{
				"gfSection": false,
				"altAnim": false,
				"typeOfSection": 0,
				"sectionNotes": [],
				"bpm": 140,
				"sectionBeats": 4,
				"changeBPM": false,
				"mustHitSection": true
			},
			{
				"gfSection": false,
				"altAnim": false,
				"typeOfSection": 0,
				"sectionNotes": [],
				"bpm": 140,
				"sectionBeats": 4,
				"changeBPM": false,
				"mustHitSection": true
			},
			{
				"gfSection": false,
				"altAnim": false,
				"typeOfSection": 0,
				"sectionNotes": [],
				"bpm": 140,
				"sectionBeats": 4,
				"changeBPM": false,
				"mustHitSection": true
			},
			{
				"gfSection": false,
				"altAnim": false,
				"typeOfSection": 0,
				"sectionNotes": [],
				"bpm": 140,
				"sectionBeats": 4,
				"changeBPM": false,
				"mustHitSection": true
			},
			{
				"gfSection": false,
				"altAnim": false,
				"typeOfSection": 0,
				"sectionNotes": [],
				"bpm": 140,
				"sectionBeats": 4,
				"changeBPM": false,
				"mustHitSection": true
			},
			{
				"gfSection": false,
				"altAnim": false,
				"typeOfSection": 0,
				"sectionNotes": [],
				"bpm": 140,
				"sectionBeats": 4,
				"changeBPM": false,
				"mustHitSection": true
			},
			{
				"gfSection": false,
				"altAnim": false,
				"typeOfSection": 0,
				"sectionNotes": [],
				"bpm": 140,
				"sectionBeats": 4,
				"changeBPM": false,
				"mustHitSection": true
			},
			{
				"gfSection": false,
				"altAnim": false,
				"typeOfSection": 0,
				"sectionNotes": [],
				"bpm": 140,
				"sectionBeats": 4,
				"changeBPM": false,
				"mustHitSection": true
			},
			{
				"gfSection": false,
				"altAnim": false,
				"typeOfSection": 0,
				"sectionNotes": [],
				"bpm": 140,
				"sectionBeats": 4,
				"changeBPM": false,
				"mustHitSection": true
			},
			{
				"gfSection": false,
				"altAnim": false,
				"typeOfSection": 0,
				"sectionNotes": [],
				"bpm": 140,
				"sectionBeats": 4,
				"changeBPM": false,
				"mustHitSection": true
			},
			{
				"gfSection": false,
				"altAnim": false,
				"typeOfSection": 0,
				"sectionNotes": [],
				"bpm": 140,
				"sectionBeats": 4,
				"changeBPM": false,
				"mustHitSection": true
			},
			{
				"gfSection": false,
				"altAnim": false,
				"typeOfSection": 0,
				"sectionNotes": [],
				"bpm": 140,
				"sectionBeats": 4,
				"changeBPM": false,
				"mustHitSection": true
			}
		],
		"gfVersion": "gf",
		"player3": null,
		"splashSkin": "noteSplashes",
		"song": "Battle Of Wits",
		"stage": "battle-o-wits",
		"validScore": true,
		"arrowSkin": "",
		"needsVoices": true,
		"speed": 2.8,
		"bpm": 140
	}
}