{
	"animations": [
		{
			"offsets": [
				22,
				14
			],
			"loop": false,
			"fps": 24,
			"anim": "danceLeft",
			"indices": [
				8,
				9,
				10,
				11,
				12,
				13,
				14,
				15
			],
			"name": "Idle"
		},
		{
			"offsets": [
				22,
				15
			],
			"loop": false,
			"fps": 24,
			"anim": "danceRight",
			"indices": [
				0,
				1,
				2,
				3,
				4,
				5,
				6,
				7
			],
			"name": "Idle"
		},
		{
			"offsets": [
				-12,
				15
			],
			"loop": false,
			"fps": 24,
			"anim": "singRIGHT",
			"indices": [],
			"name": "Right"
		},
		{
			"offsets": [
				8,
				15
			],
			"loop": false,
			"fps": 24,
			"anim": "singDOWN",
			"indices": [],
			"name": "Down"
		},
		{
			"offsets": [
				22,
				69
			],
			"loop": false,
			"fps": 24,
			"anim": "singUP",
			"indices": [],
			"name": "Up"
		},
		{
			"offsets": [
				37,
				14
			],
			"loop": false,
			"fps": 24,
			"anim": "singLEFT",
			"indices": [],
			"name": "Left"
		}
	],
	"no_antialiasing": false,
	"image": "characters/OskyFF",
	"position": [
		-80,
		160
	],
	"healthicon": "FrenzySky",
	"flip_x": true,
	"healthbar_colors": [
		255,
		97,
		241
	],
	"camera_position": [
		-10,
		-50
	],
	"sing_duration": 6,
	"scale": 1
}